<resultado>
<totalCount>5</totalCount>
<fechaDatos>2024-08-01</fechaDatos>
<start>0</start>
<rows>5</rows>
<icon>farmaciaguardia</icon>
<result>
<equipamiento>
<id>8860</id>
<title>Farmacia Artal Lerín, Ana Cristina</title>
<telefonos>976226203</telefonos>
<email>info@somostufarmacia.es </email>
<horario>Lunes a Domingo 24 horas</horario>
<descripcion> Red comercios amigables </descripcion>
<servicios>
<servicio>Farmacia</servicio>
<servicio>Parafarmacia</servicio>
<servicio>Ortopedia</servicio>
</servicios>
<url>http://www.somostufarmacia.es </url>
<clasificacion>HorarioAmpliado</clasificacion>
<calle>Pº. de Sagasta, 8</calle>
<geometry>
<type>Point</type>
<coordinates>
<coordinate_x>-0.8858667199718896</coordinate_x>
<coordinate_y>41.646146396697176</coordinate_y>
</coordinates>
</geometry>
<guardia>
<fecha periodo="1-15">2024-08-05</fecha>
<fecha periodo="1-15">2024-08-09</fecha>
<fecha periodo="1-15">2024-08-15</fecha>
<fecha periodo="16-31">2024-08-25</fecha>
<turno>T-03</turno>
<horario>Abiertas de 9:15 h. a 9:15 h. del día Siguiente</horario>
<sector>Sector Gran Vía</sector>
</guardia>
<type>"http://www.zaragoza.es/sede/portal/skos/vocab/FarmaciaGuardia/2024-08-05","http://www.zaragoza.es/sede/portal/skos/vocab/FarmaciaHorarioAmpliado"</type>
</equipamiento>
<equipamiento>
<id>8861</id>
<title>Farmacia Pérez Gómez, Luis</title>
<telefonos>976334455</telefonos>
<email>contacto@perezfarmacia.es</email>
<horario>Lunes a Sábado de 8:00 a 22:00</horario>
<descripcion> Atención personalizada y productos de calidad </descripcion>
<servicios>
<servicio>Farmacia</servicio>
<servicio>Dermocosmética</servicio>
<servicio>Productos naturales</servicio>
</servicios>
<url>http://www.perezfarmacia.es</url>
<clasificacion>HorarioExtendido</clasificacion>
<calle>C/ Mayor, 15</calle>
<geometry>
<type>Point</type>
<coordinates>
<coordinate_x>-0.8801234567890123</coordinate_x>
<coordinate_y>41.6543210987654321</coordinate_y>
</coordinates>
</geometry>
<guardia>
<fecha periodo="1-15">2024-08-03</fecha>
<fecha periodo="1-15">2024-08-06</fecha>
<fecha periodo="16-31">2024-08-16</fecha>
<fecha periodo="16-31">2024-08-20</fecha>
<fecha periodo="16-31">2024-08-24</fecha>
<turno>T-04</turno>
<horario>Abiertas de 9:00 h. a 9:00 h. del día siguiente</horario>
<sector>Sector Centro</sector>
</guardia>
<type>"http://www.zaragoza.es/sede/portal/skos/vocab/FarmaciaGuardia/2024-08-06","http://www.zaragoza.es/sede/portal/skos/vocab/FarmaciaHorarioExtendido"</type>
</equipamiento>
<equipamiento>
<id>8862</id>
<title>Farmacia López Martínez, Carmen</title>
<telefonos>976445566</telefonos>
<email>info@farmacialopez.es</email>
<horario>Lunes a Viernes de 9:00 a 20:00</horario>
<descripcion> Especialistas en nutrición y dietética </descripcion>
<servicios>
<servicio>Farmacia</servicio>
<servicio>Asesoramiento nutricional</servicio>
</servicios>
<url>http://www.farmacialopez.es</url>
<clasificacion>HorarioNormal</clasificacion>
<calle>C/ Independencia, 12</calle>
<geometry>
<type>Point</type>
<coordinates>
<coordinate_x>-0.8812345678901234</coordinate_x>
<coordinate_y>41.653210987654321</coordinate_y>
</coordinates>
</geometry>
<guardia>
<fecha periodo="1-15">2024-08-01</fecha>
<fecha periodo="1-15">2024-08-05</fecha>
<fecha periodo="1-15">2024-08-08</fecha>
<fecha periodo="16-31">2024-08-24</fecha>
<fecha periodo="16-31">2024-08-27</fecha>
<fecha periodo="16-31">2024-08-30</fecha>
<turno>T-05</turno>
<horario>Abiertas de 10:00 h. a 10:00 h. del día siguiente</horario>
<sector>Sector Independencia</sector>
</guardia>
<type>"http://www.zaragoza.es/sede/portal/skos/vocab/FarmaciaGuardia/2024-08-07","http://www.zaragoza.es/sede/portal/skos/vocab/FarmaciaHorarioNormal"</type>
</equipamiento>
<equipamiento>
<id>8863</id>
<title>Farmacia García Fernández, María</title>
<telefonos>976556677</telefonos>
<email>info@farmaciagarcia.es</email>
<horario>24 horas, todos los días</horario>
<descripcion> Atención 24 horas y servicios de urgencias </descripcion>
<servicios>
<servicio>Farmacia</servicio>
<servicio>Productos de urgencia</servicio>
</servicios>
<url>http://www.farmaciagarcia.es</url>
<clasificacion>Horario24Horas</clasificacion>
<calle>C/ Constitución, 20</calle>
<geometry>
<type>Point</type>
<coordinates>
<coordinate_x>-0.8823456789012345</coordinate_x>
<coordinate_y>41.652109876543210</coordinate_y>
</coordinates>
</geometry>
<guardia>
<fecha periodo="1-15">2024-08-01</fecha>
<fecha periodo="16-31">2024-08-16</fecha>
<turno>T-06</turno>
<horario>Abiertas de 9:00 h. a 9:00 h. del día siguiente</horario>
<sector>Sector Constitución</sector>
</guardia>
<type>"http://www.zaragoza.es/sede/portal/skos/vocab/FarmaciaGuardia/2024-08-08","http://www.zaragoza.es/sede/portal/skos/vocab/FarmaciaHorario24Horas"</type>
</equipamiento>
<equipamiento>
<id>8864</id>
<title>Farmacia Sánchez Ruiz, Javier</title>
<telefonos>976667788</telefonos>
<email>info@farmaciasanchez.es</email>
<horario>De lunes a sábado, de 9:00 a 21:00</horario>
<descripcion> Gran variedad de productos y servicios </descripcion>
<servicios>
<servicio>Farmacia</servicio>
<servicio>Herboristería</servicio>
<servicio>Productos naturales</servicio>
</servicios>
<url>http://www.farmaciasanchez.es</url>
<clasificacion>HorarioAmpliado</clasificacion>
<calle>C/ Libertad, 30</calle>
<geometry>
<type>Point</type>
<coordinates>
<coordinate_x>-0.8834567890123456</coordinate_x>
<coordinate_y>41.651098765432109</coordinate_y>
</coordinates>
</geometry>
<guardia>
<fecha periodo="1-15">2024-08-09</fecha>
<fecha periodo="16-31">2024-08-18</fecha>
<turno>T-07</turno>
<horario>Abiertas de 10:00 h. a 10:00 h. del día siguiente</horario>
<sector>Sector Libertad</sector>
</guardia>
<type>"http://www.zaragoza.es/sede/portal/skos/vocab/FarmaciaGuardia/2024-08-09","http://www.zaragoza.es/sede/portal/skos/vocab/FarmaciaHorarioAmpliado"</type>
</equipamiento>
</result>
</resultado>